Portfolio,ExpectedReturn,Volatility,SharpeRatio
Direccional,0.439029105,0.247108439,1.77666577
Táctico,0.638518942,0.698054026,0.914712784
